id,email,password,name,street,city,state,zip,date_of_birth,gender
1,wverdie0@usatoday.com,sQ7.M*?9,Welbie Verdie,26385 Summit Point,Dayton,Ohio,45408,1996-12-09,Male
2,ccosten1@thetimes.co.uk,qA0*fj~Gypxg,Carma Costen,656 Pearson Trail,Madison,Wisconsin,53726,1996-10-08,Female
3,dstedell2@businesswire.com,"xZ5\{bh,%0",Daniela Stedell,8010 Express Trail,Roanoke,Virginia,24004,1991-07-23,Female
4,skerins3@addthis.com,"rE5,w~Z!O""xbw",Stearn Kerins,18 Division Alley,Dallas,Texas,75323,1971-10-24,Male
5,agiacomo4@mac.com,"wR0,&_vEZl%>8fH/",Alfi Giacomo,398 Cottonwood Place,Sacramento,California,95828,1984-01-08,Female
6,bbrittin5@sohu.com,rA2\?$wykY,Broderic Brittin,5147 Magdeline Park,Dallas,Texas,75392,1976-02-02,Male
7,spletts6@guardian.co.uk,hN8+ZjlM}62&y,Sergent Pletts,87052 Vera Junction,Des Moines,Iowa,50981,2003-10-08,Male
8,dsatterthwaite7@addthis.com,iO3%kH7V<2#z`,Dedra Satterthwaite,3616 Old Shore Avenue,New York City,New York,10270,1984-01-18,Female
9,ktraise8@hc360.com,mO7!6GB}+,Kristian Traise,5 Maywood Lane,Charleston,West Virginia,25331,1970-08-07,Male
10,gcaines9@state.tx.us,"iY3""8OZiAE)`U",Gabey Caines,712 Moose Drive,Philadelphia,Pennsylvania,19125,1976-03-02,Female
11,rtivnana@multiply.com,"nG8""IpZLK",Randie Tivnan,9 Dottie Circle,New York City,New York,10115,1996-04-07,Female
12,jbadrickb@economist.com,fB6$oLXNXLH_DE,Jacob Badrick,41901 Prairieview Park,Huntsville,Alabama,35895,1982-10-09,Male
13,lbascombec@hubpages.com,"vX2$""yiNG9@.Ki!",Lauryn Bascombe,9026 Myrtle Lane,Moreno Valley,California,92555,1993-10-21,Female
14,omozzettid@live.com,oF8#{b?o=n/,Onida Mozzetti,7277 Rutledge Circle,Manchester,New Hampshire,03105,1984-09-20,Female
15,eligginse@facebook.com,mI0@0KxHu,Eolande Liggins,43 Monument Hill,Fairbanks,Alaska,99709,1970-12-11,Female
16,rlindhef@plala.or.jp,gV5)bZmyC*AErDV|,Ruddy Lindhe,0 Granby Plaza,Orlando,Florida,32868,1975-09-07,Non-binary
17,rdowellg@diigo.com,qY9@!sdHu5,Ruby Dowell,873 Texas Court,Phoenix,Arizona,85035,1970-08-03,Female
18,iraddenburyh@nyu.edu,eZ2(6Qy}6!,Isador Raddenbury,382 Hanson Hill,Lima,Ohio,45807,1976-03-14,Genderfluid
19,gfawloi@list-manage.com,"yI2$A|,mdC.CwfaC",Grace Fawlo,47238 Vermont Avenue,Springfield,Illinois,62776,1991-03-23,Male
20,dyitshakj@google.ru,aU7>\&f#Y?,Dieter Yitshak,71410 Harbort Pass,Denver,Colorado,80243,1990-07-01,Agender
21,wbucklandk@360.cn,uL4~Qa6A7!_,Wilona Buckland,20295 Thierer Drive,Harrisburg,Pennsylvania,17105,1979-10-27,Female
22,agallichanl@acquirethisname.com,"gX9+WCw7p|B""_",Ado Gallichan,82042 Daystar Place,Waterbury,Connecticut,06705,1986-08-22,Male
23,kbarrettm@istockphoto.com,yQ2'KR`?,Kahaleel Barrett,1709 Hanover Junction,Detroit,Michigan,48224,1994-01-09,Male
24,mtangyen@photobucket.com,aG6>BHdapB.e?Vr?,Melosa Tangye,148 Westridge Crossing,Orlando,Florida,32830,1972-08-12,Female
25,epepyeo@infoseek.co.jp,bQ9@5+$xz0y@L#u,Edan Pepye,51 Randy Crossing,Brooklyn,New York,11220,1998-05-14,Male
26,jlappingp@cafepress.com,"eC1`K`)l""mIeFN",Josepha Lapping,05166 Esker Street,East Saint Louis,Illinois,62205,1974-02-21,Genderfluid
27,sutridgeq@toplist.cz,eQ2*N5`GqE,Scotti Utridge,31676 Linden Trail,West Palm Beach,Florida,33411,1979-12-18,Male
28,nangrockr@sourceforge.net,"mC1~zcF!wT,",Noami Angrock,777 Merchant Way,Springfield,Illinois,62794,2003-02-28,Female
29,boneals@gizmodo.com,pK9_L37>nAn.K&Lv,Bourke Oneal,4 Fisk Hill,Houston,Texas,77095,1983-02-17,Male
30,adanilint@google.de,eM5$MfN76,Aldus Danilin,79490 2nd Terrace,Huntington,West Virginia,25770,1991-10-06,Male
31,dabbottsu@washingtonpost.com,oP5|!Nhm$?}O2kY,Dian Abbotts,71355 Nancy Drive,Sacramento,California,94280,2003-12-27,Female
32,keckelsv@ning.com,cH7\ZpYM~J=*T2,Kele Eckels,677 Kedzie Center,Louisville,Kentucky,40280,1970-01-07,Male
33,lwhetsonw@stumbleupon.com,"gD9=kda""=",Leilah Whetson,0 Parkside Lane,Madison,Wisconsin,53779,1976-04-26,Female
34,fquailx@cargocollective.com,cK4`4>O6.w,Frans Quail,2 Westridge Road,New York City,New York,10120,1992-12-10,Male
35,dblumsomy@google.fr,gA9?f0!~L\S8U,Dorolice Blumsom,9 Lyons Avenue,Orlando,Florida,32808,1998-12-17,Female
36,rathersmithz@noaa.gov,"qX6,jv5lvr\&+",Rutter Athersmith,98 Vernon Alley,Duluth,Georgia,30096,2002-08-13,Male
37,bbursell10@virginia.edu,"lU8>f""@1z(wJQ`",Bette Bursell,655 Bluejay Parkway,Fort Collins,Colorado,80525,1971-06-20,Female
38,bbenion11@slideshare.net,yS2?uwM4}=H8<?.,Basilius Benion,6 Johnson Junction,Dayton,Ohio,45440,1975-02-25,Male
39,kcucinotta12@narod.ru,eU2`?WC34fQNn,Krishnah Cucinotta,4 Northfield Place,Louisville,Kentucky,40298,1998-01-27,Male
40,kakroyd13@hostgator.com,hA1@nNcPh,Kerwin Akroyd,3 Knutson Alley,Colorado Springs,Colorado,80925,1978-12-26,Male
41,mmiddleditch14@apple.com,yE0?d?iV,Maurita Middleditch,9565 Hooker Plaza,Philadelphia,Pennsylvania,19093,1973-11-01,Female
42,mskipsea15@scientificamerican.com,bW5#.~uc~VJnQ,Manon Skipsea,1649 Hintze Crossing,Elizabeth,New Jersey,07208,1990-04-24,Female
43,gbabington16@squarespace.com,sY9%K>Hl.,Garey Babington,63 Lerdahl Drive,Philadelphia,Pennsylvania,19104,1984-11-01,Male
44,dcraigheid17@g.co,bK3?*QeV,Denys Craigheid,7 Maple Junction,Los Angeles,California,90065,1996-10-01,Polygender
45,froseman18@cargocollective.com,fD8&V*_aBP(gjUa,Frayda Roseman,8 North Junction,Los Angeles,California,90040,1983-06-01,Female
46,erothon19@ed.gov,oB7!'*TYX,Elsy Rothon,2922 Hollow Ridge Way,Oklahoma City,Oklahoma,73124,1980-10-28,Female
47,mesposi1a@who.int,rM8\<iq3%Hwut,Matilda Esposi,201 Meadow Vale Point,Youngstown,Ohio,44505,1990-10-26,Female
48,hmcmylor1b@craigslist.org,"tK4,xM40(",Hildagard McMylor,016 Schmedeman Alley,Pasadena,California,91103,1973-11-06,Female
49,ebaselio1c@harvard.edu,iO1..2=51q,Efrem Baselio,8724 International Place,Kansas City,Kansas,66112,1996-10-29,Male
50,gmardlin1d@umich.edu,sG2+g'>\8,Garek Mardlin,048 Kipling Plaza,Toledo,Ohio,43656,1973-09-23,Male
51,grappaport1e@t.co,xO1&m2sV#ywc,Georgi Rappaport,404 Glendale Junction,Washington,District of Columbia,20442,1980-07-22,Male
52,sbraikenridge1f@upenn.edu,fC3|5{)TV18$,Sal Braikenridge,4 Walton Point,Denver,Colorado,80235,1995-09-29,Male
53,tbacchus1g@youtu.be,"mO1'Hg,r&@v=)s}",Tildie Bacchus,56088 Graceland Street,Greensboro,North Carolina,27415,1994-08-12,Polygender
54,grentelll1h@creativecommons.org,oC5\w/Ls=,Grantham Rentelll,76 Haas Parkway,Dallas,Texas,75265,2004-10-01,Male
55,vwragg1i@unicef.org,cI5+tl%j&,Vern Wragg,9 Vernon Drive,Greensboro,North Carolina,27415,2002-11-10,Male
56,hmithun1j@oracle.com,mW5_3ZG7,Halsy Mithun,063 Laurel Pass,Chicago,Illinois,60674,1987-11-08,Male
57,broistone1k@telegraph.co.uk,eI7`b#xnCZ}hH*F,Brooks Roistone,4346 Declaration Plaza,Fort Lauderdale,Florida,33315,1972-07-29,Female
58,tchancellor1l@ask.com,zL9'h%P2,Tucker Chancellor,077 Graceland Alley,Pensacola,Florida,32520,1991-06-14,Male
59,mhallet1m@bluehost.com,yB1\V0`u%P`HZG,Morry Hallet,6529 Northfield Park,Oklahoma City,Oklahoma,73147,1976-03-31,Male
60,swhylie1n@joomla.org,zP3~Y_3wFU>i,Stephen Whylie,75 Oakridge Alley,Norfolk,Virginia,23514,2000-09-12,Male
61,dgrenfell1o@oaic.gov.au,"hN8_W,.<p<.",Domingo Grenfell,63 Warbler Hill,Philadelphia,Pennsylvania,19151,1976-04-16,Male
62,lhirtz1p@dyndns.org,eY3_Gt4B,Loydie Hirtz,5907 Bowman Trail,Lincoln,Nebraska,68531,2004-06-16,Male
63,adumingo1q@mac.com,gU5`Q7P$ZY\`,Axe Dumingo,406 Main Lane,Valdosta,Georgia,31605,1975-09-25,Male
64,vcobb1r@ehow.com,"oS2|G>""92&k'S",Viki Cobb,0084 Sachs Terrace,Apache Junction,Arizona,85219,1990-01-14,Female
65,dtappor1s@nytimes.com,lF9=@TU)5b&sEuf,Dot Tappor,82 Sundown Street,Boston,Massachusetts,02283,1981-09-16,Female
66,bgomm1t@bandcamp.com,gS7}QP6Ou0s4My|,Barthel Gomm,0197 Cascade Street,Alpharetta,Georgia,30022,1987-03-20,Male
67,mnussgen1u@cnbc.com,jR1<oCfwTX?v,Mehetabel Nussgen,923 Buhler Plaza,Lexington,Kentucky,40596,1997-09-15,Female
68,gwinter1v@hatena.ne.jp,"jJ8.$Y,Y3",Gretel Winter,0 Lukken Hill,Colorado Springs,Colorado,80920,1990-07-06,Female
69,jlyness1w@japanpost.jp,oP9#LBga6cIc%r,Jayme Lyness,223 Melrose Pass,Cincinnati,Ohio,45254,1992-03-01,Male
70,ehakking1x@booking.com,zL3_k1Qyr+|,Ealasaid Hakking,56985 Texas Plaza,Louisville,Kentucky,40225,2003-08-17,Female
71,salbion1y@mlb.com,pU0>WhFg,Star Albion,46 David Terrace,Irvine,California,92612,1987-07-23,Genderfluid
72,iquilleash1z@technorati.com,wW0#E}37S'9@*,Irene Quilleash,7 Spenser Place,Des Moines,Iowa,50305,1979-01-10,Female
73,mwestrip20@sun.com,"xY8}}IGq&rKc~4Y,",Morna Westrip,6717 Fordem Parkway,Birmingham,Alabama,35254,1994-06-02,Polygender
74,jglenton21@ucoz.com,"pE8&Fh7\7""",Jameson Glenton,78 Arrowood Crossing,Riverside,California,92505,1997-11-08,Male
75,csigward22@upenn.edu,oS4<24\NW}FGG,Caroljean Sigward,0 Mcbride Plaza,Vancouver,Washington,98682,1983-12-19,Female
76,ade23@amazon.co.jp,"aL9,6d?!`D2{>+",Aeriel de la Valette Parisot,80 Merrick Street,Oxnard,California,93034,1995-12-09,Female
77,aneylon24@twitpic.com,bF7\FaE{a7Q,Aline Neylon,13 Susan Drive,Ocala,Florida,34474,2002-01-09,Female
78,ycathrall25@hud.gov,zU1+i0N<,Yancy Cathrall,76243 Pepper Wood Pass,Dallas,Texas,75216,1979-01-11,Male
79,cduff26@nyu.edu,"dK2),I`w5T@mA{KC",Caldwell Duff,870 Forest Dale Hill,Levittown,Pennsylvania,19058,1970-06-03,Male
80,jdanforth27@yellowpages.com,aQ8#W>M}yZ,Jessalin Danforth,10 Union Drive,Orlando,Florida,32859,1983-07-20,Female
81,roverstall28@mac.com,pH4_~KGB?h,Rutledge Overstall,751 Warner Place,Albany,New York,12247,1973-05-23,Male
82,bsimoens29@themeforest.net,pT7+XwnLL@NR#aN,Birk Simoens,6026 Norway Maple Junction,Lansing,Michigan,48956,1994-10-13,Male
83,cthatcham2a@sciencedaily.com,qH3_sQHJjB($,Cullen Thatcham,35 Crownhardt Avenue,San Diego,California,92105,1999-05-14,Male
84,wtate2b@icio.us,iZ9`?PB},Wenona Tate,1 Caliangt Hill,Duluth,Georgia,30195,1971-07-19,Female
85,lrault2c@google.ru,aZ5`6V6F9HaFnE,Ludvig Rault,14 Dunning Street,Washington,District of Columbia,20575,1989-08-07,Male
86,ahedau2d@comsenz.com,vF4#aPdLeNoiQ,Auberon Hedau,90902 Prairie Rose Terrace,Santa Barbara,California,93106,1973-05-09,Male
87,dcouronne2e@cpanel.net,qA0#`A}>,Davie Couronne,5 Kensington Park,Wichita,Kansas,67236,2002-01-10,Male
88,mpugh2f@yellowbook.com,rQ6?*{Xj9,Mary Pugh,47 Victoria Plaza,Grand Rapids,Michigan,49544,1992-03-21,Female
89,qvolet2g@ask.com,wS3)L&n7t{\$?v,Quill Volet,380 Heath Point,Des Moines,Iowa,50335,1996-03-16,Male
90,arowly2h@house.gov,"nT6%<!Pw""HH",Adelaida Rowly,2 Dottie Lane,Tulsa,Oklahoma,74156,1996-08-25,Female
91,kbatchellor2i@storify.com,zO7$r5`|5r,Karel Batchellor,26519 Division Drive,Miami,Florida,33175,1984-03-14,Male
92,sbantham2j@yelp.com,kE7)?QfyrUZss,Sherwood Bantham,12 Randy Way,Bellevue,Washington,98008,1982-02-06,Male
93,tpoutress2k@seattletimes.com,zM2~DZ<K,Torrin Poutress,6283 Messerschmidt Park,New York City,New York,10160,1971-11-24,Male
94,rerrichi2l@wufoo.com,"fL9&)2j!<V,Z$",Ranice Errichi,992 Cascade Junction,Baltimore,Maryland,21239,1990-12-03,Female
95,eparsonson2m@vk.com,nK9.A/i%Wc*},Edmon Parsonson,2 Northridge Street,Ocala,Florida,34479,1991-02-12,Male
96,dhickeringill2n@topsy.com,zA6*Bw'|>T,Darsey Hickeringill,17926 Moose Center,Amarillo,Texas,79165,1983-04-10,Female
97,mtuther2o@ox.ac.uk,"tU4>B""6w5EGft",Mayer Tuther,4097 7th Crossing,Saint Paul,Minnesota,55108,1998-02-28,Male
98,bdarcy2p@icq.com,aZ3&6eFcUg`WQv?O,Bradley Darcy,2 Morrow Parkway,Anderson,Indiana,46015,1980-11-06,Male
99,aloughran2q@independent.co.uk,tK3{Ywj!PR0\<,Adamo Loughran,76883 Mccormick Court,Hamilton,Ohio,45020,1995-03-18,Male
100,ndavidovitch2r@zimbio.com,"fB7)R=B<'""m+q&ig",Nicolis Davidovitch,41 Bultman Trail,El Paso,Texas,88558,1971-09-20,Male
101,espurrett2s@guardian.co.uk,iM7+MqZtO,Esra Spurrett,55848 Jackson Place,Seattle,Washington,98133,1994-01-29,Male
102,rbranthwaite2t@a8.net,jN1(B+yd+b<C`&,Rafferty Branthwaite,32633 Kropf Park,Houston,Texas,77045,1990-10-03,Male
103,myockney2u@dot.gov,nU3}bSDN7U(z`u%\,Merrie Yockney,8 Myrtle Court,Austin,Texas,78769,1999-08-16,Female
104,mheddy2v@jalbum.net,rC6|6q{{,Merrili Heddy,39573 Kings Center,Columbia,South Carolina,29208,1987-12-23,Female
105,jblowes2w@cam.ac.uk,xU1`s4>f,Jehanna Blowes,08256 2nd Way,Lansing,Michigan,48912,1992-08-20,Female
106,ejacke2x@google.nl,zD7@%Ag849,Elvera Jacke,1 Kingsford Way,Naperville,Illinois,60567,1980-02-02,Female
107,rdixson2y@tinypic.com,"eF0_t0,Suj?E$M",Rikki Dixson,86165 Butterfield Junction,Metairie,Louisiana,70033,1999-07-20,Male
108,spiggford2z@weibo.com,bH0$|1%?@s$8`Uz,Selena Piggford,2 Cascade Plaza,Salt Lake City,Utah,84199,1995-09-04,Agender
109,asalterne30@php.net,dH3*J2|tAqSo+,Aldin Salterne,10382 Dwight Way,Huntington,West Virginia,25775,1991-03-29,Male
110,ariba31@google.com.hk,pO6$=9HAv{=%0v5,Ardene Riba,100 Reindahl Pass,Winston Salem,North Carolina,27157,1978-10-27,Female
111,bharrow32@microsoft.com,mJ3/HL@&,Bancroft Harrow,5 Upham Way,Milwaukee,Wisconsin,53205,1983-06-28,Male
112,htooke33@reddit.com,bX3(?Y0d5et20{Y4,Harvey Tooke,6180 Sunbrook Hill,Washington,District of Columbia,20319,1977-01-01,Male
113,llongcaster34@msn.com,mZ0#)txedvC&>+,Laural Longcaster,109 Cottonwood Street,El Paso,Texas,88558,1995-09-30,Female
114,adubbin35@cornell.edu,qW7%s3sEpl,Allis Dubbin,9462 Meadow Ridge Alley,Hollywood,Florida,33023,1981-03-03,Agender
115,obrunke36@privacy.gov.au,lM2#KbBi+!PFU,Orville Brunke,977 Jenifer Lane,Houston,Texas,77228,1993-02-06,Male
116,ejenman37@yelp.com,"mB6.dK*g$""Xe6",Ellswerth Jenman,3 Fairfield Hill,Dallas,Texas,75246,1981-12-27,Male
117,mspeight38@house.gov,pT3%>#z\R_iB/H,Malachi Speight,332 Monterey Lane,Philadelphia,Pennsylvania,19160,1980-04-07,Male
118,bfrangello39@java.com,pU4<h=X|@qnyB~,Bendick Frangello,7 Burning Wood Park,Kansas City,Missouri,64199,1996-03-28,Male
119,hjery3a@deviantart.com,aP6@{!=oa9u,Herminia Jery,9 Sullivan Hill,Odessa,Texas,79769,1996-10-16,Female
120,shimsworth3b@liveinternet.ru,vK4!_T?(m,Shannon Himsworth,43241 Holy Cross Circle,Maple Plain,Minnesota,55572,1995-04-15,Male
121,agooms3c@icq.com,qN8<9RIc'lkg,Arie Gooms,8674 Acker Alley,Independence,Missouri,64054,2001-11-02,Male
122,mseaman3d@admin.ch,yV3&\)Gp|3SY,Miner Seaman,9 Warrior Way,Hialeah,Florida,33013,1976-10-24,Male
123,rcawsby3e@rakuten.co.jp,jC5|RI{.),Reamonn Cawsby,33651 Sachtjen Center,Charlotte,North Carolina,28247,1985-06-20,Male
124,icolegrove3f@businessinsider.com,sO3{\NyA$C_K_=f,Iseabal Colegrove,726 Dunning Road,Amarillo,Texas,79182,1979-06-11,Female
125,njoly3g@home.pl,hG1`h}A%\1fIyN,Niko Joly,85068 Butternut Center,Washington,District of Columbia,20220,1980-04-18,Male
126,avignaux3h@scribd.com,oC2'oz473`,Allix Vignaux,10724 Kensington Circle,Palm Bay,Florida,32909,1989-01-09,Female
127,sklees3i@senate.gov,"aI2`v?(<{.g,,5o",Shurlock Klees,72 Red Cloud Center,Santa Fe,New Mexico,87505,1996-11-24,Male
128,meginton3j@netvibes.com,bH1<F>W/uUa|E*,Mitchael Eginton,04 Kinsman Junction,Baton Rouge,Louisiana,70820,1988-07-05,Male
129,efort3k@imgur.com,"uV4+fIu*0U3""i9",Ellyn Fort,5 Moulton Park,Orlando,Florida,32808,1987-07-09,Female
130,ysevier3l@adobe.com,tI4+n}0IqW,Yule Sevier,54280 Dwight Park,Arlington,Virginia,22234,1975-07-27,Male
131,ejinkinson3m@weibo.com,"oM5,jrAT1K$Alg",Ezekiel Jinkinson,7176 1st Alley,Frankfort,Kentucky,40618,2004-08-04,Male
132,dflexman3n@sciencedaily.com,dG0/52C*#c*pRX,Darn Flexman,9 Hagan Center,Minneapolis,Minnesota,55470,1983-09-08,Male
133,uspours3o@fema.gov,qY2|8K(Ul%iq,Uriel Spours,4 Granby Park,Monticello,Minnesota,55590,1985-12-24,Male
134,lbrocklebank3p@oaic.gov.au,yT7@0sDI,Letizia Brocklebank,85625 Schmedeman Place,Syracuse,New York,13217,1985-04-09,Female
135,cgallear3q@bloglovin.com,gM1$XH{Sle)vG,Ciel Gallear,362 Westend Terrace,Detroit,Michigan,48267,1980-05-18,Bigender
136,sgyngyll3r@pen.io,lR6`=<ox`feJ#R9_,Shari Gyngyll,518 Tony Pass,Pompano Beach,Florida,33075,1980-01-08,Female
137,bdoylend3s@yellowpages.com,oF3<KfIAN0,Beilul Doylend,464 Eagle Crest Park,Des Moines,Iowa,50936,1994-06-07,Agender
138,ktaysbil3t@techcrunch.com,tB7|Y8y0g,Kevin Taysbil,46 Bonner Circle,Bryan,Texas,77806,1989-06-19,Male
139,pgreenhill3u@parallels.com,mK9=1QahH}ZECslj,Pip Greenhill,7472 American Ash Circle,Gilbert,Arizona,85297,1980-02-17,Male
140,hchoulerton3v@xinhuanet.com,iZ1_ldr~J,Hayyim Choulerton,805 Morrow Center,Stamford,Connecticut,06912,1996-10-16,Male
141,marchbald3w@mysql.com,xC8%QPcvShk38UB,Merle Archbald,459 Old Shore Lane,Boise,Idaho,83711,2003-04-11,Female
142,bmacgowan3x@ft.com,fL7`NwfC/l+<I,Beltran MacGowan,3 Roth Crossing,Gary,Indiana,46406,1988-08-07,Male
143,dcullerne3y@google.ca,eN7!.5TK3YQw<_K,Diahann Cullerne,323 Morningstar Circle,Las Vegas,Nevada,89105,1985-09-27,Female
144,sdover3z@tiny.cc,zN9$7R~fx|s,Sharity Dover,542 Shelley Park,San Diego,California,92105,2000-08-21,Female
145,lhewins40@europa.eu,dD9!/2_I0eOS9gab,Leif Hewins,07869 Crowley Parkway,Honolulu,Hawaii,96810,1994-07-24,Male
146,lgrahame41@mozilla.com,cM2}'ZZbJ/@bfD,Langston Grahame,762 Iowa Place,El Paso,Texas,88530,1992-02-28,Male
147,vover42@gravatar.com,eS9@1FJvOhL,Vonny Over,90 Hollow Ridge Parkway,Tallahassee,Florida,32399,2003-07-15,Female
148,neisold43@mysql.com,cG0$dB'm,Nealy Eisold,65 Glendale Drive,Palatine,Illinois,60078,1970-06-21,Male
149,bprovest44@hc360.com,"sV5%$D""IXx(",Bradford Provest,9 Marquette Crossing,New York City,New York,10155,1983-02-20,Male
150,gvahl45@aol.com,nL2~GJu1YVugc,Gertie Vahl,65 Vernon Trail,Richmond,Virginia,23220,2002-01-26,Female
151,mbeeswing46@multiply.com,bY7\kyvpYU6A)@Ut,Merrily Beeswing,76325 Carioca Junction,Ventura,California,93005,1996-11-16,Female
152,rplumbley47@google.de,"zP2\n,Si>",Ronna Plumbley,85609 Springview Junction,Spokane,Washington,99220,1971-02-07,Female
153,cjoontjes48@angelfire.com,wB0(e'=`j8`D+,Carleton Joontjes,364 Meadow Ridge Street,Providence,Rhode Island,02912,2004-06-27,Male
154,bcullagh49@issuu.com,"oQ0?no*,#m?",Britteny Cullagh,02025 Pierstorff Hill,Winston Salem,North Carolina,27157,1981-01-31,Female
155,usentance4a@artisteer.com,"uE6/7?&H,=qzAbu",Ulrikaumeko Sentance,22089 Cambridge Circle,Tampa,Florida,33620,1990-02-22,Female
156,cpawlaczyk4b@harvard.edu,bP6_a0p_,Cyndy Pawlaczyk,61 Merchant Avenue,Saint Louis,Missouri,63158,1995-08-08,Female
157,syakuntsov4c@discovery.com,mQ8{T>5Wq!F},Stevy Yakuntsov,284 Londonderry Alley,San Antonio,Texas,78296,1985-07-11,Male
158,asaffe4d@eventbrite.com,cF4#2d5'Rn%,Anatola Saffe,38 Lerdahl Terrace,Santa Barbara,California,93150,2002-06-22,Female
159,bvedeshkin4e@upenn.edu,"xX4$XVJ""V",Bo Vedeshkin,3 Northland Parkway,Tampa,Florida,33633,2002-08-19,Male
160,vlyfield4f@nature.com,xQ4{9QJNbM$L9(,Verla Lyfield,6915 Rockefeller Center,Charleston,West Virginia,25356,1981-05-01,Female
161,jlavalde4g@feedburner.com,"uO8>%A0J,FM\",Jobyna Lavalde,80 Union Street,Fairbanks,Alaska,99709,1978-08-27,Female
162,hschrir4h@zimbio.com,rB3_5bw(>K4,Hamnet Schrir,35654 Sloan Circle,Portland,Oregon,97232,1979-07-02,Male
163,cbinne4i@who.int,bA9<I`5TICW<ZE,Christina Binne,980 Springview Trail,Louisville,Kentucky,40205,1983-03-13,Female
164,ademongeot4j@issuu.com,kE6</EyZSzdi,Alric Demongeot,7 Nancy Parkway,Lexington,Kentucky,40505,2002-03-05,Male
165,lcromar4k@bravesites.com,sY4.zYZjGc!9i8,Linn Cromar,811 Bluejay Pass,Muncie,Indiana,47306,1980-06-13,Female
166,lkunkel4l@examiner.com,"kT1|P*d,7VS",Linea Kunkel,63195 Atwood Street,Reading,Pennsylvania,19610,1982-11-02,Female
167,lbridgeland4m@chronoengine.com,dY7<QLTt.,Logan Bridgeland,7320 Lukken Drive,Palatine,Illinois,60078,2004-10-13,Male
168,fgianasi4n@comcast.net,eT2=b0K%6txNK,Flynn Gianasi,9 Spohn Plaza,Columbus,Ohio,43220,1987-11-09,Male
169,smacphee4o@msu.edu,fD9%`LX8PK@~l8lq,Sebastian MacPhee,22737 Grover Crossing,New York City,New York,10155,1979-10-20,Male
170,wseaward4p@seesaa.net,"uK8,0%M)uu~bl|KQ",Wanids Seaward,6 Stone Corner Parkway,Shawnee Mission,Kansas,66276,1984-02-21,Female
171,rweir4q@facebook.com,cL2<SW`v2UY~s@jA,Reginauld Weir,0 Golf Course Circle,El Paso,Texas,79950,1987-06-22,Male
172,kgilardone4r@e-recht24.de,"fW2&""r~<",Karoly Gilardone,90 Daystar Pass,Washington,District of Columbia,20530,2002-10-04,Female
173,ayarrell4s@ning.com,"cX1""Pq/!+&eMM7f}",Ailina Yarrell,958 Clove Alley,New York City,New York,10280,1970-12-18,Female
174,pswalwell4t@1688.com,hH9_?I2>4cH.vlU,Peadar Swalwell,659 Walton Parkway,Fresno,California,93704,1990-11-11,Male
175,tsturge4u@whitehouse.gov,nH2}1iUX$}lAKl/,Tabbitha Sturge,5037 Bowman Crossing,Salt Lake City,Utah,84170,1986-05-17,Female
176,aneem4v@de.vu,dW3&d1H2Lq#h,Artie Neem,8647 Burning Wood Pass,Pompano Beach,Florida,33075,1977-05-02,Male
177,paldiss4w@bloomberg.com,wH9(VeRy?mL@d),Philbert Aldiss,34 Portage Crossing,Huntington,West Virginia,25721,1986-03-16,Male
178,rlias4x@sciencedirect.com,hM2.7xazl0,Rudd Lias,97 Merrick Pass,Dayton,Ohio,45440,1973-05-11,Male
179,jnoades4y@dropbox.com,eL4'.32N(',Johnette Noades,823 Claremont Crossing,Asheville,North Carolina,28815,1991-06-09,Female
180,cravenscraft4z@webmd.com,fM7)(WQY>MlegDCo,Casi Ravenscraft,76335 Sunbrook Junction,Wilmington,Delaware,19805,1990-08-16,Female
181,fwitchalls50@mayoclinic.com,gS7&iC}F5pzQT,Fidelia Witchalls,843 Marquette Hill,Beaumont,Texas,77705,1989-01-25,Female
182,bsegot51@blogtalkradio.com,"bT4""nASV8",Belita Segot,05 Red Cloud Place,Portland,Oregon,97296,2001-01-17,Female
183,mcohane52@mediafire.com,"wP1&mZ&""wlX#DSZ",Matty Cohane,234 Ohio Terrace,Oklahoma City,Oklahoma,73114,1982-03-01,Male
184,kkrabbe53@xing.com,eN2$\7In3gpX,Karlotte Krabbe,914 Arapahoe Center,San Jose,California,95150,1982-03-10,Female
185,ablaycock54@reference.com,vB0*B>e8F`/F,Abrahan Blaycock,52015 Blue Bill Park Park,Atlanta,Georgia,31106,1978-10-16,Male
186,lfarmar55@disqus.com,"kP1>Qy,mp3!N",Lon Farmar,2 Butternut Point,Kansas City,Missouri,64187,1993-06-11,Bigender
187,mmcronald56@europa.eu,"iZ4#e"".N6.4>}2",Melloney McRonald,98692 Crest Line Pass,San Antonio,Texas,78250,1989-07-16,Polygender
188,gmaccaffrey57@ucsd.edu,uO6*MpuNJN,Georgine MacCaffrey,709 Bunker Hill Pass,Amarillo,Texas,79182,2003-09-30,Polygender
189,sash58@exblog.jp,sF7)mN7BmEdaG,Shawna Ash,8243 Eastlawn Center,Appleton,Wisconsin,54915,1996-10-01,Female
190,bwinkett59@themeforest.net,sG6<78p3WFS,Baldwin Winkett,5692 Badeau Parkway,Columbia,Missouri,65211,1993-12-04,Male
191,ctremathack5a@hexun.com,"mY3,?2zsqlV?",Cobby Tremathack,48104 Packers Parkway,Pomona,California,91797,1970-12-21,Male
192,gwhittlesee5b@edublogs.org,vD4(r1zG{LNV1YH,Gale Whittlesee,3937 Transport Center,Denver,Colorado,80270,1989-03-18,Female
193,gjohns5c@nationalgeographic.com,hD7~X*LLyjm3b,Glyn Johns,17 Carpenter Avenue,Baltimore,Maryland,21239,1976-04-23,Bigender
194,mhugett5d@constantcontact.com,"dN6!3""2D9CEH*'",Maddy Hugett,49628 Towne Avenue,Bakersfield,California,93311,1986-11-21,Female
195,ceck5e@umich.edu,sR7{.sXy,Cleon Eck,44424 Towne Trail,El Paso,Texas,88574,1980-02-01,Male
196,obatsford5f@wsj.com,xZ4/gvo#3,Ole Batsford,8 Fisk Center,Bethesda,Maryland,20816,1994-09-13,Male
197,lboncore5g@google.com,wV8*<m?Wa9\j{d5B,Lesli Boncore,918 Starling Point,Austin,Texas,78715,1985-03-31,Female
198,rmedley5h@scribd.com,cX2'po%<,Rodolph Medley,6 Ohio Circle,Fresno,California,93721,1978-10-18,Male
199,trowatt5i@about.me,"mE5#7""lHdG",Thornton Rowatt,70 Golf Course Drive,Roanoke,Virginia,24040,1985-07-07,Male
200,klofts5j@economist.com,xF5`h!MW59,Kalil Lofts,8811 Sugar Terrace,Duluth,Georgia,30096,1983-05-19,Male
201,bsimoneschi5k@yahoo.co.jp,"cR0$V\CG{,d0Ts",Bobette Simoneschi,805 Warbler Junction,Vienna,Virginia,22184,1975-07-14,Female
202,htruesdale5l@bravesites.com,"tT2_xHnF`2q`1,vQ",Huey Truesdale,8872 Hoard Center,Nashville,Tennessee,37245,1986-01-17,Male
203,dwiddocks5m@nymag.com,vV4/?V>N~_mh,Dori Widdocks,5 Knutson Court,Amarillo,Texas,79118,1976-12-10,Female
204,jpailin5n@google.com.br,sX2_9&Giy%,Jordan Pailin,21 Haas Point,Duluth,Minnesota,55811,2003-03-18,Female
205,vlaughtisse5o@plala.or.jp,"kQ1,H}29u85W'tC",Viv Laughtisse,9 Eagle Crest Court,Salt Lake City,Utah,84115,2001-01-13,Female
206,jcayford5p@businesswire.com,wH4))W\)qPxn|,Jobey Cayford,4540 Division Street,Charleston,South Carolina,29403,1970-06-18,Female
207,cmalkie5q@nymag.com,iM7>HiJN0Z98!,Cari Malkie,6839 Ridgeway Pass,Arlington,Virginia,22234,1974-10-02,Female
208,lmctague5r@wordpress.com,cL3=N%yLz`B,Lazaro McTague,319 Ilene Pass,Birmingham,Alabama,35263,2000-06-02,Male
209,sbuckeridge5s@addthis.com,cO3|0{z=l>n!tX?,Saxe Buckeridge,92 North Hill,Sacramento,California,95894,1974-11-15,Male
210,sloder5t@ocn.ne.jp,"sI0,V'EzS",Spence Loder,59 Schurz Way,Jacksonville,Florida,32255,2002-03-13,Male
211,epuddephatt5u@aboutads.info,fJ0(i7\d>/,Erin Puddephatt,1 Saint Paul Point,Richmond,Virginia,23293,1985-08-27,Male
212,mzanicchi5v@msu.edu,oL1@dUKHW(U$,Mata Zanicchi,5 Buhler Junction,Jamaica,New York,11480,1981-04-23,Male
213,agillinghams5w@disqus.com,nB9@ZA0'n4!U,Archibald Gillinghams,397 Crownhardt Crossing,Saint Louis,Missouri,63180,1981-07-02,Agender
214,bronaghan5x@prlog.org,qN0.GEesOijq\,Berty Ronaghan,9 Hauk Road,Stamford,Connecticut,06905,2002-10-09,Male
215,rdimmne5y@bigcartel.com,qH7)uL<73I9vW,Rickert Dimmne,6983 Corscot Avenue,Bronx,New York,10469,1986-09-13,Male
216,lvery5z@taobao.com,bF2@K@?B&,Letta Very,2 Loomis Crossing,El Paso,Texas,79923,2004-08-19,Female
217,sjennings60@cnbc.com,"xG5,R})MKG",Sanderson Jennings,13 Old Shore Lane,Houston,Texas,77223,1987-02-22,Male
218,lbartosek61@archive.org,xS8~!uLcTq0`D.=,Lindy Bartosek,7292 American Ash Avenue,Inglewood,California,90305,1997-01-10,Female
219,gvercruysse62@ehow.com,bP9}2*m#o,Giraldo Vercruysse,0 Surrey Road,Greenville,South Carolina,29615,1998-04-19,Male
220,pdallinder63@studiopress.com,yP5\QGmfoA)v,Palm Dallinder,46203 Holy Cross Drive,Jacksonville,Florida,32230,1993-12-04,Male
221,ehaggie64@creativecommons.org,lZ1>}GvmZ,Erena Haggie,52 Starling Drive,South Bend,Indiana,46620,2003-04-01,Female
222,eearland65@hao123.com,iU0#U\t{2,Elisabet Earland,31019 Toban Court,Brockton,Massachusetts,02305,1980-04-10,Female
223,mtrasler66@altervista.org,tW8=v}Xt,Marshal Trasler,884 Rieder Place,Springfield,Illinois,62756,1979-06-23,Male
224,latkins67@weather.com,mS1)1U5%,Lyell Atkins,106 Longview Junction,Akron,Ohio,44310,1996-11-27,Male
225,pbecerro68@google.com.br,fE6<aA|!(9t,Prentiss Becerro,0 Elmside Court,New York City,New York,10004,1973-03-30,Male
226,fyarnold69@newsvine.com,"jZ5""5*BY,8&",Fenelia Yarnold,56240 Main Road,Saint Petersburg,Florida,33710,1986-12-02,Female
227,alynde6a@narod.ru,jA5#yg_C+.Ej,Alf Lynde,643 John Wall Crossing,Houston,Texas,77050,1977-06-09,Male
228,mgait6b@i2i.jp,"fB3,.i~dX",Mirabel Gait,01 Valley Edge Road,Phoenix,Arizona,85020,2001-01-16,Female
229,odomeney6c@jugem.jp,dQ8=n4!XoC*X,Olympe Domeney,52828 Esch Point,Montpelier,Vermont,05609,1996-06-09,Female
230,cferrini6d@plala.or.jp,dD9%X3aVVXWO>6EN,Clarice Ferrini,07 Marcy Avenue,Hamilton,Ohio,45020,1989-10-24,Female
231,bchark6e@arstechnica.com,gX3<h~dSQC,Bo Chark,8 Monument Parkway,Jacksonville,Florida,32204,2001-03-13,Male
232,efrancisco6f@berkeley.edu,wC9>%.rpp.`o$,Elston Francisco,25332 Service Hill,Dallas,Texas,75310,1994-03-12,Male
233,thebron6g@diigo.com,dL3/ZFX%0<T8{3,Tandie Hebron,2798 Beilfuss Junction,Little Rock,Arkansas,72222,1987-08-03,Female
234,araysdale6h@bluehost.com,nQ4*`<Og!iPO)O{c,Adolph Raysdale,90999 Reinke Drive,Sioux Falls,South Dakota,57110,1974-11-12,Male
235,tkitt6i@salon.com,bN4}/}lzX<gL+,Teresa Kitt,44 Jana Terrace,Wilmington,Delaware,19810,2001-02-25,Female
236,tkadwallider6j@ft.com,dZ1('kEU+~HqI_!u,Thurston Kadwallider,3313 Walton Trail,New Brunswick,New Jersey,08922,1994-02-08,Male
237,lbielfeldt6k@fc2.com,uQ8\9jg6WDVG',Lisette Bielfeldt,30 Havey Crossing,Arlington,Virginia,22217,1981-11-08,Female
238,nauton6l@chron.com,uI3#k$9m?sd2S!,Nora Auton,4443 Maple Park,Lubbock,Texas,79410,1987-04-26,Bigender
239,shearle6m@gov.uk,xM6*<63$X,Sarine Hearle,2 Everett Terrace,Topeka,Kansas,66667,1992-10-20,Female
240,valyokhin6n@uiuc.edu,uL3`BIwLVnQ3<1,Vitia Alyokhin,8920 Maryland Hill,Charlotte,North Carolina,28220,1997-02-21,Female
241,mboorman6o@w3.org,dX6'vfu8g,Meta Boorman,100 Ruskin Terrace,Fort Worth,Texas,76115,1984-05-01,Non-binary
242,broizn6p@bandcamp.com,tY6`dY<B'6SB<,Barby Roizn,8033 Stone Corner Road,Cape Coral,Florida,33915,1982-12-10,Female
243,cmcdugal6q@acquirethisname.com,dV8@PG.MlBJeh\,Cosette McDugal,5233 Fremont Way,Riverside,California,92505,1994-04-10,Female
244,tbeckey6r@goodreads.com,dD3$0MC=?<Y,Tamas Beckey,313 Reinke Trail,Fort Wayne,Indiana,46825,1986-08-16,Male
245,bvallender6s@twitpic.com,"cM7"",P%7Sb@ej",Base Vallender,77491 Loomis Trail,San Antonio,Texas,78210,1994-11-27,Male
246,jvenus6t@irs.gov,uE9_dYh||U6)v,Jenine Venus,21 Kim Avenue,Ocala,Florida,34474,1974-08-25,Female
247,kgrisedale6u@canalblog.com,cV0\)kxW,Karen Grisedale,14 Green Ridge Avenue,Fort Worth,Texas,76129,1985-11-04,Non-binary
248,tiacopetti6v@t.co,vP9'4MQ8b(C+h{,Torey Iacopetti,99 Sloan Plaza,El Paso,Texas,79923,1976-09-25,Female
249,cboshard6w@github.com,qI1).`j5_qnlR,Corette Boshard,63802 Red Cloud Pass,Corpus Christi,Texas,78470,1981-09-14,Female
250,gbiagini6x@seesaa.net,lZ6{hJFW&d=Bl'Fz,Gates Biagini,707 Mcguire Way,Lees Summit,Missouri,64082,2004-02-03,Female
251,jfoskin6y@paginegialle.it,uH5$|H_r4Yby,Jedidiah Foskin,9 Hauk Center,Berkeley,California,94712,2003-12-06,Male
252,hbullant6z@gov.uk,zP1`(6qUr/Y>_C|,Horatius Bullant,0195 Arkansas Place,Palo Alto,California,94302,1971-01-06,Male
253,rtidball70@wikipedia.org,kN3>CG/M#?C,Rhona Tidball,8 Transport Terrace,Fresno,California,93704,1976-08-01,Female
254,efender71@fotki.com,cS9`3V&}\,Estele Fender,59 Charing Cross Plaza,Colorado Springs,Colorado,80910,1996-12-22,Polygender
255,gbolland72@issuu.com,mV0\eB'eawvP,Gilemette Bolland,6488 Haas Circle,Topeka,Kansas,66611,2002-06-03,Female
256,etrangmar73@jugem.jp,cV5)F%jr,Emmett Trangmar,2173 Westport Pass,Simi Valley,California,93094,1982-04-08,Male
257,klaws74@mysql.com,qI2|'I5SG,Kelsy Laws,07696 Duke Road,Seminole,Florida,34642,1983-06-19,Female
258,bmacvay75@shutterfly.com,dT6'/uftmb#3F,Bliss MacVay,15598 Heath Junction,Indianapolis,Indiana,46231,1999-08-13,Female
259,ndrinkale76@disqus.com,sA7=XJe$#5+,Nealy Drinkale,52 Valley Edge Hill,Clearwater,Florida,34629,1991-09-02,Male
260,fruckman77@linkedin.com,vY3%Ozd<A,Franciska Ruckman,6392 Rutledge Street,San Antonio,Texas,78291,1991-05-21,Female
261,koxherd78@hc360.com,lI5&sEsZw=,Kimbra Oxherd,210 Green Park,Memphis,Tennessee,38109,1981-01-27,Female
262,dwinchcombe79@aboutads.info,aD4{1@PDbL@o3?|U,Danni Winchcombe,4384 Erie Pass,Miami,Florida,33245,2003-04-24,Female
263,hhelin7a@goodreads.com,gE1'F64QiQ7P,Hedvige Helin,0383 Lyons Park,Atlanta,Georgia,30328,1974-08-25,Female
264,ppassion7b@sourceforge.net,dE8`5FM0/,Pennie Passion,75 Sloan Street,Orange,California,92862,1988-08-06,Female
265,dkloser7c@creativecommons.org,tM9|R6+Z4},Devinne Kloser,8 Thackeray Junction,Kansas City,Missouri,64142,1994-11-23,Female
266,rbusain7d@si.edu,kU4}K\djHl<,Robby Busain,26044 West Lane,Houston,Texas,77245,1978-10-14,Female
267,fgarnham7e@statcounter.com,"pA0""jHn!oHtM#",Floris Garnham,7071 Lunder Park,Bradenton,Florida,34210,1986-09-03,Female
268,amullan7f@slashdot.org,jM8?LqFV`4ia6,Antoine Mullan,57 Kenwood Park,Chicago,Illinois,60630,1991-03-08,Male
269,cchurchley7g@japanpost.jp,"oN0'V.B,",Carmine Churchley,841 Westridge Street,Lancaster,California,93584,1995-11-12,Male
270,dclines7h@dailymail.co.uk,aH0'X|9G8cMl,Devlen Clines,75 Dayton Parkway,Birmingham,Alabama,35225,1978-01-02,Male
271,scolleton7i@woothemes.com,jO7<0re8,Shalom Colleton,024 Ronald Regan Hill,Houston,Texas,77075,1995-01-26,Male
272,bpeaddie7j@admin.ch,mB6|f#aSvQ,Benton Peaddie,52207 Weeping Birch Parkway,Akron,Ohio,44393,1970-06-09,Male
273,celphey7k@bluehost.com,uJ1+J_>5,Celinda Elphey,32825 Northport Crossing,El Paso,Texas,88589,1980-09-10,Female
274,slinder7l@dailymotion.com,wM0`I!`yy(>npp,Shelby Linder,989 Derek Road,Merrifield,Virginia,22119,1996-10-20,Male
275,idarwen7m@squarespace.com,nX6!TkD=w>,Irvin Darwen,20401 Southridge Circle,Irvine,California,92717,1987-06-20,Male
276,cnorkutt7n@usnews.com,uC1?9#&@ajzuDdji,Celle Norkutt,83957 Green Junction,Akron,Ohio,44329,1972-02-10,Female
277,wteaze7o@springer.com,fG6+HX{6hU,Wald Teaze,1 Oak Valley Crossing,San Bernardino,California,92405,1982-02-02,Male
278,lconnerly7p@nps.gov,jC3/mMl7|,Lane Connerly,1564 Logan Way,El Paso,Texas,88530,2004-02-07,Male
279,asammars7q@edublogs.org,wA4<n</g4/.l,Agace Sammars,057 Susan Way,Kansas City,Missouri,64179,1981-11-07,Female
280,ckilshall7r@time.com,yX7/kHF>$h>p70,Chlo Kilshall,47800 Pawling Avenue,Boston,Massachusetts,02163,1993-11-03,Female
281,okobpa7s@slashdot.org,dY6=G55V&_,Ogdon Kobpa,9 Oakridge Street,Washington,District of Columbia,56944,1985-07-20,Male
282,aslowley7t@typepad.com,"mD0"",T.M%8PB",Al Slowley,9 Merry Circle,Newport News,Virginia,23612,2001-10-05,Male
283,mstainland7u@phpbb.com,bS7`J_iD,Marcelle Stainland,2892 Commercial Lane,Portland,Oregon,97271,1995-07-01,Female
284,dhammersley7v@nsw.gov.au,yQ2($U/D,Dinnie Hammersley,2950 Crest Line Crossing,Wilmington,North Carolina,28410,1979-03-28,Female
285,eniblett7w@washington.edu,uT5\}kqUx@{,Ethelbert Niblett,70 Norway Maple Alley,Phoenix,Arizona,85083,1978-03-04,Male
286,gbourgeois7x@scribd.com,"mC9`yCZ"")f",Guthry Bourgeois,02 Northview Place,Beaverton,Oregon,97075,1991-03-01,Male
287,ogronno7y@moonfruit.com,"zG7*yoUo""X,EY",Olivie Gronno,2 Stang Alley,Charlotte,North Carolina,28256,2000-03-25,Female
288,cbrinklow7z@cisco.com,xD5##&#?E=fOd,Calley Brinklow,6 Lyons Center,Indianapolis,Indiana,46278,1990-05-20,Female
289,tlapthorne80@icio.us,yS2~\8jLN9%'4,Tess Lapthorne,7 Fair Oaks Avenue,Savannah,Georgia,31405,2001-02-01,Female
290,rpatching81@ucoz.com,jO8'yLG@)',Royce Patching,45904 Iowa Hill,Falls Church,Virginia,22047,1974-03-21,Male
291,bmateescu82@desdev.cn,"lC8,IiC|UaMK#&",Bertie Mateescu,50055 Ramsey Crossing,Jacksonville,Florida,32236,1984-03-16,Female
292,apogue83@github.io,mN1%iq>\5X@,Arri Pogue,2375 Barby Center,Tyler,Texas,75799,1974-08-11,Male
293,dcattanach84@noaa.gov,vR0~uq3?,Devland Cattanach,9 Dennis Hill,Wilkes Barre,Pennsylvania,18768,1992-06-06,Male
294,jworms85@networksolutions.com,iW5/KvwAJ5QdH,Jessalyn Worms,6588 Burrows Crossing,Boston,Massachusetts,02124,1988-09-10,Female
295,fgeeson86@cargocollective.com,"qC1""/g}ZTvpN",Filip Geeson,8269 Aberg Junction,Atlanta,Georgia,31119,1982-12-29,Male
296,iwinwood87@omniture.com,gP6}SjCk=|3e(l,Irwin Winwood,646 Carioca Road,Appleton,Wisconsin,54915,1989-02-17,Male
297,amacleese88@bing.com,"zM6.%q>""+<tWokK8",Ashbey MacLeese,36 Heffernan Court,Reading,Pennsylvania,19610,1985-10-10,Male
298,tbragginton89@msu.edu,"aJ8?kkvcj,GsPJ'",Tuesday Bragginton,55 Oneill Parkway,Omaha,Nebraska,68164,1988-06-14,Female
299,yhexum8a@symantec.com,"vE7,MCG\8p",Yehudit Hexum,228 Utah Road,Atlanta,Georgia,30316,1973-06-23,Genderfluid
300,aimlaw8b@topsy.com,jL2'_!in#u(N0ZJ,Andrey Imlaw,6 Westport Court,Memphis,Tennessee,38131,1982-06-05,Male
301,jivanusyev8c@liveinternet.ru,aO0>f%?\a,Jorrie Ivanusyev,431 Oxford Hill,Cumming,Georgia,30130,2004-12-18,Female
302,wbacken8d@wp.com,"zZ1_9TE|J,?9n_@",Willey Backen,4 Fair Oaks Lane,Hartford,Connecticut,06140,1983-07-27,Male
303,ggarbutt8e@cpanel.net,dN6!l9wEQ,Glynnis Garbutt,529 Macpherson Park,Modesto,California,95354,1981-04-20,Female
304,vrandle8f@springer.com,kT9>SCm4Ah'7)A`,Viola Randle,4 Doe Crossing Circle,New Haven,Connecticut,06538,1976-04-09,Female
305,pgavahan8g@whitehouse.gov,gI7|m$r&WO1%@~,Phyllida Gavahan,17 3rd Place,Phoenix,Arizona,85062,1978-01-14,Female
306,agladstone8h@creativecommons.org,bY7~%vIu/,Alfons Gladstone,94819 Warner Plaza,Minneapolis,Minnesota,55458,1976-12-23,Male
307,jcanacott8i@japanpost.jp,oS8/+Rj=jY,Jacinta Canacott,2238 John Wall Junction,San Luis Obispo,California,93407,1973-05-03,Female
308,ppowlesland8j@sakura.ne.jp,nQ8}T{z*)BYi8*_*,Perl Powlesland,2 Ridgeway Parkway,Melbourne,Florida,32919,1978-07-26,Female
309,ckyberd8k@ustream.tv,cK3@S1H5N+9v,Chrisy Kyberd,48073 Grim Hill,Lincoln,Nebraska,68583,2004-10-05,Male
310,dletham8l@omniture.com,"kR1($siMe'""",Dominique Letham,312 Luster Drive,Waterloo,Iowa,50706,1982-11-17,Male
311,zbeeck8m@github.com,gO3{7/5<D3<S,Zelda Beeck,46483 Dottie Hill,Houston,Texas,77085,1990-10-11,Female
312,akeyes8n@wp.com,oI7~t@tA%,Audy Keyes,614 Spenser Crossing,San Francisco,California,94154,1996-07-24,Bigender
313,bdimitriades8o@i2i.jp,eS7}PqVJG},Bradney Dimitriades,3122 Farmco Center,New York City,New York,10184,1973-11-24,Genderfluid
314,nduffil8p@irs.gov,xZ0|7=x=Hv?L,Neille Duffil,6 Saint Paul Avenue,Daytona Beach,Florida,32118,1978-12-09,Female
315,zvanbrugh8q@google.nl,pL4/7JbV@jl,Zarla VanBrugh,9 Johnson Court,Bryan,Texas,77806,1999-04-03,Female
316,lesselin8r@indiegogo.com,mV9%>t8QpB,Lira Esselin,6 Declaration Avenue,Phoenix,Arizona,85040,1978-11-06,Genderqueer
317,jminichillo8s@bizjournals.com,aN2(D=aDJKb_2sT,Jeralee Minichillo,6 Esker Parkway,Amarillo,Texas,79159,1992-03-26,Female
318,grourke8t@chronoengine.com,tV1)$AAT,Gunter Rourke,2 Washington Parkway,Wichita,Kansas,67220,2004-08-29,Male
319,fbucktharp8u@chicagotribune.com,oR7&DfIYo,Felicia Bucktharp,4347 Bluestem Junction,Montgomery,Alabama,36177,2004-01-04,Female
320,cfriedman8v@shinystat.com,iO6>!ri3n4Q4h,Carlynn Friedman,325 Doe Crossing Place,Whittier,California,90610,1981-10-20,Non-binary
321,nbudgett8w@typepad.com,gR3%}/b}3bTgAH<,Nertie Budgett,0 Annamark Trail,Boston,Massachusetts,02119,2004-11-08,Bigender
322,jcushelly8x@si.edu,eZ4#R.MO*0r,Jule Cushelly,960 Moose Pass,Nashville,Tennessee,37210,1970-03-04,Male
323,lcamerana8y@theglobeandmail.com,nK0&ef>?Rl,Layney Camerana,2 Golf View Place,Alhambra,California,91841,1992-04-23,Female
324,jdunbabin8z@yellowpages.com,bS5$tkGUm,Joeann Dunbabin,1423 Colorado Alley,Sandy,Utah,84093,1970-05-02,Female
325,nguiden90@t-online.de,sH0=!_6y8=/5x,Nollie Guiden,0436 Reindahl Point,Louisville,Kentucky,40215,1975-11-11,Agender
326,bkineton91@so-net.ne.jp,cE3!{WgSn7y8,Barny Kineton,89 Barby Hill,Des Moines,Iowa,50310,1971-06-12,Male
327,awadie92@msn.com,yG9\*O0F!D72,Antonina Wadie,93295 Mariners Cove Place,Longview,Texas,75605,2000-03-17,Female
328,lpedler93@xrea.com,kL5+IJ=DfELYTy6,Lonnard Pedler,2503 Utah Center,Brockton,Massachusetts,02305,1999-12-22,Male
329,istannas94@yahoo.co.jp,bE1{D_Z`xY,Ignazio Stannas,25 Pierstorff Place,New Orleans,Louisiana,70174,1987-04-16,Male
330,rmoxham95@com.com,"vB6@dooGZ""",Robinet Moxham,38964 Nova Terrace,Washington,District of Columbia,20005,1996-07-17,Female
331,cgurg96@yellowbook.com,jD0)K*o4_)c,Cherish Gurg,842 Wayridge Park,Inglewood,California,90398,1992-03-23,Female
332,glamden97@google.co.uk,tX9#3nXXG#6q,Gwyn Lamden,4601 Stang Point,Memphis,Tennessee,38119,1991-12-05,Female
333,fmangeney98@instagram.com,eF2#EQs{AVEH,Ferdy Mangeney,03 Toban Plaza,Orlando,Florida,32885,1980-06-25,Male
334,dfridaye99@globo.com,vO2!jPgUJu,Dene Fridaye,257 Veith Park,Watertown,Massachusetts,02472,1970-03-04,Male
335,mkirkup9a@ovh.net,rL4/*SpT|JDrF#*,Melessa Kirkup,391 Ridgeway Center,Spokane,Washington,99220,1974-06-27,Female
336,stiptaft9b@amazon.de,vC9$hpZbL(\{!,Sharyl Tiptaft,27915 Emmet Street,Wichita Falls,Texas,76305,1991-04-25,Female
337,dbernardt9c@addtoany.com,uW0<G~8s=&+1G*,Dasha Bernardt,29038 3rd Pass,Long Beach,California,90810,1989-11-28,Female
338,dcymper9d@pcworld.com,dH0@cUbY,Dietrich Cymper,94 Jenna Park,Tallahassee,Florida,32314,1971-04-06,Male
339,ggrinnell9e@auda.org.au,dJ8|viI46?,Gonzalo Grinnell,6589 Stephen Center,Charlotte,North Carolina,28242,1982-11-13,Bigender
340,jflay9f@cbc.ca,tH4)\bRqe7SfSkb?,Jessika Flay,353 Talmadge Way,Davenport,Iowa,52804,1980-05-29,Female
341,sdansie9g@newsvine.com,hY8=5I4TB_S+Cy'o,Shelia Dansie,55 Memorial Way,Bronx,New York,10474,1989-12-20,Female
342,mjakoub9h@nsw.gov.au,"qZ6/k.H""D",Margalo Jakoub,25 Portage Junction,Houston,Texas,77293,1988-04-28,Female
343,aelse9i@amazon.com,"jR4%@)Rsxf3,",Adrien Else,8 Express Street,New York City,New York,10039,1973-06-22,Male
344,plennard9j@oracle.com,"iA7$""3R|/.|B|",Peadar Lennard,687 Little Fleur Circle,Minneapolis,Minnesota,55487,1986-05-08,Male
345,malten9k@ca.gov,zI5|T%$DtnJ&f+,Malia Alten,2 Dryden Center,Fort Worth,Texas,76115,1974-09-24,Female
346,tyanukhin9l@disqus.com,vU5\~7N.,Tam Yanukhin,3 Fordem Pass,Kansas City,Missouri,64136,1988-10-22,Male
347,shaggleton9m@cocolog-nifty.com,xF3@yo)cHF|4,Silvester Haggleton,10447 Pierstorff Terrace,Jackson,Mississippi,39296,1987-09-03,Male
348,kgoulding9n@yale.edu,xX0`)?zaV\E,Krisha Goulding,7 Pepper Wood Court,Great Neck,New York,11024,1998-05-18,Non-binary
349,rkippins9o@blinklist.com,nF3`?bE7VM9LRR7,Rica Kippins,30625 Pankratz Park,Atlanta,Georgia,30340,1972-04-20,Female
350,mchalcroft9p@wikipedia.org,"wZ9=,_!00z4",Moss Chalcroft,57878 Nevada Alley,Irvine,California,92717,1989-08-11,Male
351,mpedlar9q@oakley.com,jI4~sbygW&2W*A,Mychal Pedlar,810 Sherman Drive,Kansas City,Missouri,64130,1978-12-04,Male
352,bweatherhill9r@hibu.com,lL1~IA3lO4{CZB,Bonny Weatherhill,99 David Street,Toledo,Ohio,43605,1985-06-22,Female
353,dknevett9s@moonfruit.com,vA3)zo*l?dIf,Denney Knevett,7778 Springview Crossing,Rochester,New York,14683,1984-12-01,Male
354,eallard9t@fastcompany.com,"mI3""=$M_SPv#",Elwin Allard,26561 Ramsey Hill,Cincinnati,Ohio,45238,1982-08-05,Male
355,cmagowan9u@goodreads.com,"tE3>+wmCA2CS',#c",Chickie Magowan,06 Jana Circle,Peoria,Illinois,61656,1987-10-31,Male
356,mwhatson9v@tiny.cc,"xT2{F9|DhJ5X,AM\",Moreen Whatson,40657 Rusk Lane,Midland,Texas,79710,1997-11-03,Female
357,acastella9w@mashable.com,"eG5""F$1\+",Armstrong Castella,36 Pawling Junction,Orlando,Florida,32885,1989-10-03,Male
358,kmackibbon9x@hhs.gov,pY1%CWAenXqm,Kristyn MacKibbon,22300 Elmside Street,Washington,District of Columbia,20337,1990-08-04,Female
359,thastilow9y@geocities.jp,xO5&Z.hWC&UG},Tabbitha Hastilow,050 Glendale Park,Biloxi,Mississippi,39534,1970-04-30,Genderfluid
360,pjones9z@youtube.com,oC0(.4*=DZ~rg}Sp,Pasquale Jones,0 Debra Pass,Rochester,New York,14646,1973-05-30,Male
361,mmajora0@senate.gov,tH6.*n@%d'SY5,Merrel Major,316 Ryan Crossing,Amarillo,Texas,79165,1984-11-11,Male
362,bworsallsa1@gmpg.org,gW6&_?LW6DO+9$H@,Bengt Worsalls,8243 Kennedy Circle,Indianapolis,Indiana,46226,1971-06-01,Polygender
363,ppanswicka2@fotki.com,qY4/v_2Mo,Powell Panswick,55058 Norway Maple Park,El Paso,Texas,79928,1976-10-02,Male
364,daersa3@yellowpages.com,lK7_&7J9h\UnWW,Darb Aers,93906 Old Shore Junction,Washington,District of Columbia,20067,1981-12-26,Female
365,hbuckmastera4@jugem.jp,fY2`dYqB2%J~,Hymie Buckmaster,627 Victoria Way,Des Moines,Iowa,50369,1978-11-19,Male
366,jadamowitza5@opera.com,uW9)6o\He|N`X,Joycelin Adamowitz,8143 Graedel Lane,Pittsburgh,Pennsylvania,15250,1997-04-03,Female
367,fteodoria6@zdnet.com,nA0~herYmL4cAFD,Francine Teodori,183 Spaight Terrace,Miami,Florida,33134,2000-06-26,Female
368,ahallowesa7@sogou.com,rK8&Cv@*c,Audrie Hallowes,2838 Fairview Terrace,Burbank,California,91520,1988-11-27,Genderfluid
369,gbeddisa8@diigo.com,vG3*`QOP!8R4}*_',Georgia Beddis,4973 Nevada Road,Waco,Texas,76711,1981-09-10,Female
370,agudyera9@seattletimes.com,eJ8'po~$LQD9(,Aimil Gudyer,645 Ronald Regan Road,Abilene,Texas,79605,1982-05-19,Female
371,ngolstonaa@amazon.de,vY4!KzF(,Nessi Golston,44 Vernon Crossing,Decatur,Georgia,30089,1974-07-16,Female
372,amccuthaisab@nifty.com,qU4/zQ#T4PuN5{,Avrit McCuthais,99 Transport Parkway,San Antonio,Texas,78240,2003-08-29,Female
373,mgatherac@phpbb.com,"fS6,@@VRs$O?feH",Miller Gather,65 Marcy Avenue,Tyler,Texas,75710,2000-08-27,Male
374,dfrendad@jiathis.com,"xU8$rv,DPB\h=2",Dorry Frend,20901 Forest Dale Road,Portland,Oregon,97221,1998-03-06,Female
375,bplaidae@surveymonkey.com,oZ1}To@\3VQCM,Beilul Plaid,7549 Utah Center,Washington,District of Columbia,20414,1984-01-25,Female
376,awixeyaf@etsy.com,"sH8`3N,C=nuAn+2",Arnie Wixey,119 Blackbird Road,Los Angeles,California,90060,1972-12-03,Male
377,sholtomag@uol.com.br,dY7}6CZLm&VZ@teD,Stafford Holtom,903 Red Cloud Pass,Jeffersonville,Indiana,47134,1970-02-01,Genderfluid
378,wbatieah@wikipedia.org,zW9's_o}t=9HV<,Wanda Batie,5922 Dwight Avenue,Wichita,Kansas,67230,1982-12-07,Female
379,jschoberai@yelp.com,yA1@LSuWrVFB%&$B,Johan Schober,4 Coolidge Street,Baltimore,Maryland,21282,1996-04-03,Male
380,cheveyaj@php.net,qJ4`4EX(6Aarb,Carmelia Hevey,98123 Derek Center,San Diego,California,92105,1970-06-30,Female
381,mjuanak@google.com.au,jC8~~Tnll,Micki Juan,12582 Commercial Circle,Littleton,Colorado,80127,1979-04-02,Bigender
382,mstockinal@usgs.gov,eW7)UwRbZd\Lg>>,Montgomery Stockin,91 Vidon Court,New York City,New York,10270,1991-12-06,Male
383,jmissonam@bigcartel.com,"yD7,zB~8`Y",Jelene Misson,4 Trailsway Trail,Milwaukee,Wisconsin,53277,1979-12-10,Female
384,bwalkinshawan@spiegel.de,"lT8""yd&\aNB<H@U~",Bradford Walkinshaw,37914 Sutteridge Court,Washington,District of Columbia,20022,2003-01-06,Male
385,blabusquiereao@telegraph.co.uk,jD4|SAcs)apZm,Bartlett Labusquiere,701 Gateway Drive,Aurora,Colorado,80015,1995-07-12,Male
386,edoorbarap@ucoz.com,pM6{5UuE,Eddy Doorbar,43 Maryland Parkway,Kansas City,Missouri,64109,1980-10-14,Male
387,hpinckneyaq@cbsnews.com,gX0$8Fb+e7_~u,Hinda Pinckney,84493 Clyde Gallagher Alley,Long Beach,California,90840,1990-01-22,Female
388,vharralar@digg.com,"lN3*)|m$Fz,>.",Veriee Harral,1572 Coleman Plaza,Des Moines,Iowa,50310,1984-02-10,Female
389,wfenelonas@mozilla.com,"mR9=fsln""",Wilt Fenelon,253 Brentwood Avenue,Washington,District of Columbia,20380,1999-10-20,Male
390,msangarat@irs.gov,yD4(eb_'LF|@&L,Minne Sangar,2 Miller Trail,Corona,California,92883,1989-12-21,Female
391,hboottonau@clickbank.net,"hF2""7Kub.y'Ki",Herbie Bootton,56186 Prairie Rose Junction,El Paso,Texas,79977,1971-07-19,Genderqueer
392,ntwopennyav@digg.com,fV0!nuu>T_*a,Nathanil Twopenny,4213 Red Cloud Pass,Nashville,Tennessee,37210,1999-06-17,Male
393,keschaw@blogger.com,vL9$yAQ_yF2\@G7*,Kelvin Esch,152 Erie Court,Saint Louis,Missouri,63131,1985-12-24,Male
394,eferrulliax@list-manage.com,wY6{9l>Jwx8X(?,Etan Ferrulli,43 Wayridge Street,Garland,Texas,75049,1996-11-29,Male
395,pglowackiay@cnbc.com,xL5{ro3TgS2!E}G,Paulo Glowacki,72104 Warbler Circle,Indianapolis,Indiana,46202,1988-06-16,Male
396,mrupertoaz@soundcloud.com,eE1{.j+W/M&1,Merlina Ruperto,42503 Nancy Terrace,Saint Paul,Minnesota,55115,1991-10-04,Female
397,akestenb0@ed.gov,wO5+`g_u0`,Archibold Kesten,5 Longview Plaza,Detroit,Michigan,48211,1983-09-19,Male
398,dmacmenamyb1@abc.net.au,qY4.\QX(MVjJ,Deanne MacMenamy,4 Warner Avenue,Albuquerque,New Mexico,87195,1999-01-03,Female
399,lbuftonb2@reverbnation.com,rQ4`T3$`l,Lolly Bufton,9371 Eliot Circle,Richmond,Virginia,23220,1997-07-07,Female
400,akitchinhamb3@youtube.com,zI0'?#t$}wx_ZA4j,Angelique Kitchinham,93585 Prairie Rose Avenue,Las Vegas,Nevada,89125,1970-09-29,Female
401,smoncreiffeb4@lycos.com,bI1(N$o/ncHLx@+p,Stephenie Moncreiffe,28 Bluestem Avenue,Henderson,Nevada,89012,1981-11-03,Female
402,wskewsb5@spiegel.de,jZ3!x&%0f7,Wilhelmina Skews,212 Kenwood Plaza,Minneapolis,Minnesota,55458,1993-11-18,Female
403,katlayb6@mail.ru,dU6+b}WTMR1<,Kimberlee Atlay,90480 Caliangt Hill,Washington,District of Columbia,20591,1996-03-28,Female
404,kmaggioreb7@miitbeian.gov.cn,vT5@t|8!?,Kipper Maggiore,28 Lukken Circle,Columbia,South Carolina,29220,1977-05-30,Male
405,llockhurstb8@arstechnica.com,lS3_<~qIt~zO,Lani Lockhurst,7736 Texas Terrace,Aurora,Colorado,80015,2003-01-23,Female
406,olochheadb9@cmu.edu,hP6#ooC$}!},Ogden Lochhead,621 Fallview Crossing,Birmingham,Alabama,35279,1983-02-20,Male
407,darckollba@washingtonpost.com,rH9#PQy9L,Dorella Arckoll,32326 Mcguire Plaza,Boise,Idaho,83716,1997-05-24,Female
408,kpriggbb@digg.com,"uD8}EV8""",Kermit Prigg,4 Bartillon Terrace,Greensboro,North Carolina,27425,1993-03-23,Male
409,tslaghtbc@mozilla.org,sB2'zkSKGv,Tucker Slaght,5883 Golden Leaf Way,Las Vegas,Nevada,89193,1995-07-01,Male
410,cjedrzejewskybd@google.de,"vX3@`K,""f1%y=#",Cele Jedrzejewsky,160 Buena Vista Pass,Sarasota,Florida,34233,1972-07-17,Female
411,aarmytagebe@gmpg.org,hJ2!qA/Y2O,Ashlan Armytage,0059 Northridge Hill,Indianapolis,Indiana,46216,1995-11-09,Female
412,vmusgrovebf@slashdot.org,jF6%YY%'G0&K9m,Violetta Musgrove,16496 Crowley Plaza,Portland,Oregon,97271,1991-07-21,Female
413,nheveybg@github.com,bN1+cK_H%O4q,Nickie Hevey,017 Mesta Point,Springfield,Illinois,62711,1973-10-17,Female
414,ndevittbh@forbes.com,cC5.fDc1>pdS,Nerti Devitt,178 Arkansas Center,Tucson,Arizona,85748,1988-11-08,Female
415,kspikeingsbi@blogger.com,mU1!3yR#$RCD,Kenon Spikeings,4 Old Gate Plaza,Tacoma,Washington,98424,1986-12-18,Male
416,mdraycottbj@mail.ru,bR4{h>Azv8,Mordecai Draycott,49417 High Crossing Parkway,Tacoma,Washington,98405,1971-06-18,Male
417,bmcasparanbk@opera.com,uE4{U2CcVsO,Bar Mcasparan,64285 Evergreen Terrace,Lincoln,Nebraska,68583,1981-08-22,Bigender
418,hclaitonbl@theglobeandmail.com,wG6##AqIPc&PG,Hatti Claiton,261 Lighthouse Bay Place,Carol Stream,Illinois,60158,1999-08-20,Female
419,snorthropbm@mit.edu,hI0?ZYd',Symon Northrop,5093 Sunfield Court,Beaumont,Texas,77705,1980-11-03,Male
420,aheinlebn@arstechnica.com,qM2\P3}f*}i,Alaric Heinle,4 Buhler Way,Riverside,California,92505,1972-01-31,Male
421,rdickiebo@cdc.gov,uJ1=*<lQ7H{Xe\Q,Romola Dickie,4053 Homewood Road,Hartford,Connecticut,06183,1996-06-13,Female
422,osaulbp@ted.com,gX1.D.M?Cfr,Opaline Saul,570 Grover Plaza,Houston,Texas,77293,1972-01-21,Female
423,sdallossobq@google.pl,tI9\!$g_uP/,Stanleigh Dallosso,95283 Corben Crossing,Lancaster,Pennsylvania,17605,1973-05-03,Male
424,jgiddonsbr@princeton.edu,zA5/)qm~q8c0Sv,Joell Giddons,4 Farmco Parkway,Monroe,Louisiana,71213,1971-07-10,Female
425,nbilyardbs@fotki.com,pU2>XxR7>!?P,Nessie Bilyard,80956 Delladonna Court,Indianapolis,Indiana,46231,2003-08-09,Female
426,thuffbt@upenn.edu,vU1%bhtlkc5)Z$Ha,Tammie Huff,5 6th Crossing,Sterling,Virginia,20167,1987-01-07,Male
427,kfilisovbu@princeton.edu,"vV4!G_U,Vqgd``'",Kin Filisov,0 Fisk Street,Maple Plain,Minnesota,55579,1996-10-29,Non-binary
428,cartingstallbv@over-blog.com,"nV3,FDVKq{>=wA",Chance Artingstall,1323 Sutherland Junction,Newport Beach,California,92662,1981-01-20,Male
429,rmannoochbw@reuters.com,uP5$5S#~UsA,Reidar Mannooch,2 Express Court,Tampa,Florida,33605,2000-03-05,Male
430,mpaxfordebx@merriam-webster.com,wA9=Ozusp2m2,Mollie Paxforde,3432 Spaight Place,Baton Rouge,Louisiana,70810,1998-07-21,Female
431,jgrenehamby@joomla.org,aU7>FBw1CLq{,Jerry Greneham,87 Eliot Parkway,Grand Rapids,Michigan,49560,1971-03-26,Female
432,wigobz@icq.com,zH3_!\Uw,Wheeler Igo,107 Mendota Street,El Paso,Texas,79916,1996-10-20,Male
433,ssteensonc0@house.gov,"iD8.?C,ht`g$(",Sergeant Steenson,589 Dovetail Crossing,Yakima,Washington,98907,1984-06-01,Male
434,hedlingtonc1@theglobeandmail.com,"hR8|4=yOF9}2,",Hagan Edlington,43230 Packers Way,Mobile,Alabama,36605,1982-09-22,Male
435,leasleac2@phpbb.com,vQ9\OH>qL,Leeanne Easlea,2734 East Crossing,Saint Paul,Minnesota,55103,2001-02-26,Bigender
436,zbullmanc3@paypal.com,uL8|zfMUj,Zaria Bullman,89 Mallard Street,Anchorage,Alaska,99507,1970-08-28,Female
437,lfelgatec4@mtv.com,qJ8}.YZ.*,Lauren Felgate,9 Merry Crossing,Mountain View,California,94042,2004-07-24,Female
438,ogordenc5@wunderground.com,"gY7,X5Tvl)d~JB",Oren Gorden,838 Express Junction,Dayton,Ohio,45454,1975-02-23,Male
439,cellacottc6@weibo.com,iA8_e8Eb`l,Camile Ellacott,2194 Canary Alley,San Antonio,Texas,78265,1985-06-30,Female
440,rcrocombec7@skype.com,oN7$IGP~7_2=O{,Ricki Crocombe,3 Arrowood Street,Columbia,Missouri,65218,1985-05-13,Non-binary
441,lpasekc8@ning.com,gQ2`=dhuNO/YU,Lorenzo Pasek,23 Crescent Oaks Avenue,Apache Junction,Arizona,85219,1996-01-09,Male
442,ayonniec9@a8.net,"yQ0}W\!,U!CB",Augie Yonnie,73879 Forest Dale Court,Washington,District of Columbia,20029,2001-11-09,Male
443,sarnkeca@sourceforge.net,kP0@j7S4WmW,Selia Arnke,59 Dunning Court,Chicago,Illinois,60657,1972-01-06,Female
444,csmittounecb@businessweek.com,mD5}SB72,Clara Smittoune,853 Little Fleur Point,Anaheim,California,92805,1977-06-15,Female
445,treubelcc@instagram.com,oH5?}c8D8A\.H,Thibaut Reubel,2 Saint Paul Street,Knoxville,Tennessee,37919,1985-02-16,Male
446,tfenixcd@economist.com,fL1|qln3o>Zq/,Torrin Fenix,40 Moulton Parkway,Ashburn,Virginia,22093,1973-02-05,Male
447,amilamce@imgur.com,pW8~0y<82VJFLpt0,Anestassia Milam,400 Gerald Crossing,Zephyrhills,Florida,33543,2002-07-29,Female
448,mgirlingcf@pagesperso-orange.fr,"vU3,Sq,,EW",Marlin Girling,173 Pankratz Place,Bronx,New York,10469,1975-05-03,Male
449,mbillisoncg@rakuten.co.jp,wB9!WBb+XH?yEJ(5,Marie-ann Billison,5 Drewry Junction,Newark,New Jersey,07104,1999-10-02,Female
450,mlowerch@w3.org,nA8`%e~WuR9.e%,Marcus Lower,37388 Golf Avenue,Madison,Wisconsin,53779,1989-04-18,Male
451,gebbettci@irs.gov,mQ3\d&\d*7L6y,Granville Ebbett,3 Ramsey Point,Chattanooga,Tennessee,37450,1988-08-16,Male
452,nrivecj@acquirethisname.com,aV0=Pw5Yvx,Nickie Rive,4648 Jenifer Junction,Charlotte,North Carolina,28256,1987-10-26,Male
453,eblumsomck@digg.com,"bI4/R""=RNRWCTY",Ediva Blumsom,93832 Moland Road,Fort Collins,Colorado,80525,1980-08-03,Female
454,ewoltoncl@army.mil,tQ9#Xikk<Y,Eldin Wolton,506 Badeau Road,Santa Barbara,California,93111,1971-11-09,Male
455,cosharkeycm@imgur.com,vN2.N>U3&g0do(Gv,Cale O'Sharkey,58080 Brown Park,Baton Rouge,Louisiana,70826,1990-04-29,Male
456,purwincn@bravesites.com,zC0#OFQW_lq,Patrizius Urwin,39301 Namekagon Court,Corpus Christi,Texas,78410,1971-01-13,Male
457,mkestianco@indiatimes.com,mN9<ahHS}au5%*c,Mauricio Kestian,265 Roxbury Pass,Memphis,Tennessee,38143,1973-08-02,Male
458,ijacobbecp@about.me,fB3}PHgpmN)`3,Isaac Jacobbe,45317 Twin Pines Plaza,Manassas,Virginia,22111,1979-07-20,Male
459,jegglestonecq@domainmarket.com,"zD4,Qh(oN",Justinn Egglestone,020 Marquette Road,Dallas,Texas,75358,1993-05-21,Female
460,lvancr@dyndns.org,xS3<P2\A7,Lydia Van Brug,67713 Delaware Court,Anderson,Indiana,46015,1973-01-25,Female
461,abalkwillcs@squidoo.com,vJ4&5BfMLg<4DZ,Arv Balkwill,17024 Menomonie Plaza,Pueblo,Colorado,81005,1994-06-22,Male
462,tmasserct@vimeo.com,"gO2""5Rf~npZ1XVqG",Thorstein Masser,3009 Rusk Lane,Nashville,Tennessee,37205,2002-06-03,Male
463,asimeolicu@wikia.com,kC6@_kL4MR1/Yf>,Antonius Simeoli,3980 Oxford Alley,Tampa,Florida,33673,1998-11-26,Male
464,kdiffleycv@ebay.com,"sM9,k&%&UVUrQI1",Kaycee Diffley,30141 Fallview Junction,Minneapolis,Minnesota,55423,1987-02-19,Female
465,bhearnshawcw@mysql.com,eH8$u4eA91EK@1,Beverly Hearnshaw,37 Randy Way,Lexington,Kentucky,40505,1996-05-25,Female
466,minskocx@unc.edu,"jB5,IV@""3Hq",Mariele Insko,369 Merrick Park,New York City,New York,10060,1993-06-30,Female
467,vcrosoncy@canalblog.com,eF5$Kh'&czFNDFG,Vic Croson,5 Spohn Drive,Des Moines,Iowa,50330,1993-06-11,Male
468,ependlecz@dailymail.co.uk,kT8&v(>BA)s9YC{*,Edik Pendle,45 Golf Court,Virginia Beach,Virginia,23464,1981-11-02,Male
469,ejuckesd0@salon.com,lK0&0Ihxnqf,Ellary Juckes,15 Lakeland Hill,Albany,New York,12210,1986-05-31,Male
470,jwildsmithd1@prweb.com,qF9~@5T)$2x,Julita Wildsmith,2527 Hallows Trail,Springfield,Illinois,62776,2001-10-17,Female
471,bminnockd2@flickr.com,bA6.*Tx0eH`,Bevon Minnock,639 Debs Crossing,Wichita,Kansas,67215,1989-05-18,Bigender
472,lcastelluzzid3@earthlink.net,kV2>fn&plV*y6uyF,Lottie Castelluzzi,16 Maple Wood Park,Charleston,South Carolina,29416,2002-05-17,Female
473,sdickend4@noaa.gov,"oQ0""zVl&=+e)b}/",Stacy Dicken,8525 Mandrake Alley,Rockville,Maryland,20851,1973-04-26,Female
474,ncreedlandd5@independent.co.uk,hU2<MQT',Nanci Creedland,2 Northview Avenue,Toledo,Ohio,43635,1996-03-04,Female
475,nsoutard6@joomla.org,tG9#T\iaiz/7~{zq,Nonnah Soutar,27 Mccormick Crossing,New York City,New York,10150,1997-07-03,Polygender
476,nchidlowd7@blog.com,jT5{Bf\>z,Neill Chidlow,59903 Arkansas Street,Jefferson City,Missouri,65110,1992-06-04,Male
477,mtooheyd8@stanford.edu,lE5{f)D$Sk,Mellisa Toohey,38 Bunting Avenue,Indianapolis,Indiana,46221,1977-10-16,Female
478,aweared9@w3.org,"wD3,>qcdO.$",Annabela Weare,13 Loeprich Junction,Macon,Georgia,31296,1986-09-13,Female
479,bpetroffda@omniture.com,qS8\Iw=_uLAIit$,Beltran Petroff,17 Ronald Regan Terrace,Miami,Florida,33129,1978-09-11,Male
480,lgannicottdb@va.gov,zP1_uCNvkVcYx+T,Lisle Gannicott,08 Eastlawn Parkway,Escondido,California,92030,1992-11-28,Male
